,match_id,home_team,away_team,match_date,home_team_defense,away_team_defense
0,22712,Burnley,Bournemouth,2018-05-13,"['MatthewLowton', 'KevinLong', 'JamesTarkowski', 'StephenWard']","['SteveCook', 'NathanAke', 'TyroneMings']"
1,22713,Crystal Palace,West Brom,2018-05-13,"['AaronWanBissaka', 'JamesTomkins', 'MamadouSakho', 'PatrickvanAanholt']","['AllanRomeoNyom', 'CraigDawson', 'AhmedHegazi', 'KieranGibbs']"
2,22714,Huddersfield,Arsenal,2018-05-13,"['FlorentHadergjonaj', 'Zanka', 'ChristopherSchindler', 'TerenceKongolo', 'ChrisLowe']","['HectorBellerin', 'ShkodranMustafi', 'RobHolding', 'SeadKolasinac']"
3,22715,Liverpool,Brighton,2018-05-13,"['TrentAlexanderArnold', 'DejanLovren', 'VirgilvanDijk', 'AndrewRobertson']","['EzequielSchelotto', 'ShaneDuffy', 'LewisDunk', 'GaetanBong']"
4,22716,Man Utd,Watford,2018-05-13,"['MatteoDarmian', 'EricBailly', 'MarcosRojo', 'AshleyYoung']","['DarylJanmaat', 'CraigCathcart', 'ChristianKabasele', 'JoseHolebas']"
5,22717,Newcastle,Chelsea,2018-05-13,"['DeAndreYedlin', 'JamaalLascelles', 'FlorianLejeune', 'PaulDummett']","['CesarAzpilicueta', 'AndreasChristensen', 'GaryCahill']"
6,22718,Southampton,Man City,2018-05-13,"['CedricSoares', 'JackStephens', 'MayaYoshida', 'WesleyHoedt', 'RyanBertrand']","['Danilo', 'JohnStones', 'AymericLaporte', 'FabianDelph']"
7,22719,Swansea,Stoke,2018-05-13,"['AngelRangel', 'MikevanderHoorn', 'AlfieMawson', 'MartinOlsson']","['MoritzBauer', 'RyanShawcross', 'KurtZouma', 'ErikPieters']"
8,22720,Spurs,Leicester,2018-05-13,"['KyleWalkerPeters', 'TobyAlderweireld', 'EricDier', 'DannyRose']","['DannySimpson', 'WesMorgan', 'HarryMaguire', 'ChristianFuchs']"
9,22721,West Ham,Everton,2018-05-13,"['DeclanRice', 'AngeloOgbonna', 'AaronCresswell']","['MichaelKeane', 'PhilJagielka', 'RamiroFunesMori']"
10,22651,West Ham,Man Utd,2018-05-04,"['DeclanRice', 'AngeloOgbonna', 'AaronCresswell']","['LuisAntonioValencia', 'VictorLindelof', 'ChrisSmalling', 'PhilJones', 'LukeShaw']"
11,22685,Chelsea,Huddersfield,2018-05-04,"['CesarAzpilicueta', 'AndreasChristensen', 'AntonioRudiger']","['TommySmith', 'Zanka', 'ChristopherSchindler', 'TerenceKongolo', 'ChrisLowe']"
12,22645,Leicester,Arsenal,2018-05-04,"['DannySimpson', 'WesMorgan', 'HarryMaguire', 'ChristianFuchs']","['AinsleyMaitlandNiles', 'RobHolding', 'KonstantinosMavropanos', 'SeadKolasinac']"
13,22647,Man City,Brighton,2018-05-04,"['Danilo', 'VincentKompany', 'AymericLaporte', 'OleksandrZinchenko']","['Bruno', 'ShaneDuffy', 'LewisDunk', 'GaetanBong']"
14,22650,Spurs,Newcastle,2018-05-04,"['KieranTrippier', 'DavinsonSanchez', 'JanVertonghen', 'BenDavies']","['DeAndreYedlin', 'JamaalLascelles', 'FlorianLejeune', 'PaulDummett']"
15,22649,Swansea,Southampton,2018-05-04,"['KyleNaughton', 'FedericoFernandez', 'AlfieMawson']","['JanBednarek', 'JackStephens', 'WesleyHoedt']"
16,22708,Man City,Huddersfield,2018-05-04,"['KyleWalker', 'JohnStones', 'NicolasOtamendi', 'FabianDelph']","['TommySmith', 'Zanka', 'ChristopherSchindler', 'TerenceKongolo', 'ChrisLowe']"
17,22702,Arsenal,Burnley,2018-05-04,"['HectorBellerin', 'CalumChambers', 'KonstantinosMavropanos', 'SeadKolasinac']","['MatthewLowton', 'KevinLong', 'JamesTarkowski', 'StephenWard']"
18,22705,Chelsea,Liverpool,2018-05-04,"['CesarAzpilicueta', 'GaryCahill', 'AntonioRudiger']","['NathanielClyne', 'DejanLovren', 'VirgilvanDijk', 'AndrewRobertson']"
19,22704,Brighton,Man Utd,2018-05-04,"['Bruno', 'ShaneDuffy', 'LewisDunk', 'GaetanBong']","['MatteoDarmian', 'ChrisSmalling', 'MarcosRojo', 'AshleyYoung']"
20,22709,Stoke,Crystal Palace,2018-05-04,"['GlenJohnson', 'RyanShawcross', 'KurtZouma', 'ErikPieters']","['JoelWard', 'JamesTomkins', 'MamadouSakho', 'PatrickvanAanholt']"
21,22703,Bournemouth,Swansea,2018-05-04,"['SimonFrancis', 'SteveCook', 'NathanAke']","['MikevanderHoorn', 'FedericoFernandez', 'AlfieMawson']"
22,22707,Leicester,West Ham,2018-05-04,"['YohanBenalouane', 'WesMorgan', 'HarryMaguire', 'ChristianFuchs']","['DeclanRice', 'AngeloOgbonna', 'AaronCresswell']"
23,22710,Watford,Newcastle,2018-05-04,"['DarylJanmaat', 'CraigCathcart', 'ChristianKabasele', 'JoseHolebas']","['JavierManquillo', 'JamaalLascelles', 'FlorianLejeune', 'PaulDummett']"
24,22711,West Brom,Spurs,2018-05-04,"['AllanRomeoNyom', 'CraigDawson', 'AhmedHegazi', 'KieranGibbs']","['TobyAlderweireld', 'DavinsonSanchez', 'JanVertonghen']"
25,22706,Everton,Southampton,2018-05-04,"['SeamusColeman', 'PhilJagielka', 'MichaelKeane', 'LeightonBaines']","['JanBednarek', 'MayaYoshida', 'WesleyHoedt']"
26,22700,Spurs,Watford,2018-04-28,"['KieranTrippier', 'DavinsonSanchez', 'JanVertonghen', 'BenDavies']","['AdrianMariappa', 'CraigCathcart', 'ChristianKabasele', 'JoseHolebas']"
27,22701,West Ham,Man City,2018-04-28,"['DeclanRice', 'AngeloOgbonna', 'PatriceEvra']","['KyleWalker', 'NicolasOtamendi', 'AymericLaporte', 'FabianDelph']"
28,22696,Man Utd,Arsenal,2018-04-28,"['LuisAntonioValencia', 'ChrisSmalling', 'VictorLindelof', 'AshleyYoung']","['HectorBellerin', 'CalumChambers', 'KonstantinosMavropanos', 'SeadKolasinac']"
29,22695,Liverpool,Stoke,2018-04-28,"['JosephGomez', 'VirgilvanDijk', 'RagnarKlavan', 'AlbertoMoreno']","['KurtZouma', 'RyanShawcross', 'BrunoMartinsIndi', 'ErikPieters']"
30,22692,Burnley,Brighton,2018-04-28,"['MatthewLowton', 'KevinLong', 'JamesTarkowski', 'StephenWard']","['Bruno', 'ShaneDuffy', 'LewisDunk', 'GaetanBong']"
31,22693,Crystal Palace,Leicester,2018-04-28,"['JoelWard', 'JamesTomkins', 'MamadouSakho', 'PatrickvanAanholt']","['MarcAlbrighton', 'WesMorgan', 'HarryMaguire', 'BenChilwell']"
32,22694,Huddersfield,Everton,2018-04-28,"['FlorentHadergjonaj', 'Zanka', 'ChristopherSchindler', 'TerenceKongolo']","['SeamusColeman', 'PhilJagielka', 'MichaelKeane', 'LeightonBaines']"
33,22697,Newcastle,West Brom,2018-04-28,"['DeAndreYedlin', 'JamaalLascelles', 'FlorianLejeune', 'PaulDummett']","['AllanRomeoNyom', 'CraigDawson', 'AhmedHegazi', 'KieranGibbs']"
34,22698,Southampton,Bournemouth,2018-04-28,"['JanBednarek', 'MayaYoshida', 'WesleyHoedt']","['SimonFrancis', 'SteveCook', 'NathanAke']"
35,22699,Swansea,Chelsea,2018-04-28,"['KyleNaughton', 'MikevanderHoorn', 'AlfieMawson']","['CesarAzpilicueta', 'GaryCahill', 'AntonioRudiger']"
36,22686,Everton,Newcastle,2018-04-21,"['SeamusColeman', 'PhilJagielka', 'MichaelKeane', 'LeightonBaines']","['DeAndreYedlin', 'JamaalLascelles', 'FlorianLejeune', 'PaulDummett']"
37,22682,Arsenal,West Ham,2018-04-21,"['HectorBellerin', 'ShkodranMustafi', 'LaurentKoscielny', 'NachoMonreal']","['DeclanRice', 'AngeloOgbonna', 'AaronCresswell']"
38,22689,Stoke,Burnley,2018-04-21,"['GlenJohnson', 'RyanShawcross', 'BrunoMartinsIndi', 'ErikPieters']","['MatthewLowton', 'KevinLong', 'JamesTarkowski', 'StephenWard']"
39,22688,Man City,Swansea,2018-04-21,"['Danilo', 'VincentKompany', 'AymericLaporte', 'FabianDelph']","['KyleNaughton', 'MikevanderHoorn', 'FedericoFernandez', 'AlfieMawson', 'MartinOlsson']"
40,22691,West Brom,Liverpool,2018-04-21,"['AllanRomeoNyom', 'CraigDawson', 'AhmedHegazi', 'KieranGibbs']","['JosephGomez', 'VirgilvanDijk', 'RagnarKlavan', 'AlbertoMoreno']"
41,22690,Watford,Crystal Palace,2018-04-21,"['AdrianMariappa', 'CraigCathcart', 'ChristianKabasele', 'JoseHolebas']","['JoelWard', 'JamesTomkins', 'MamadouSakho', 'PatrickvanAanholt']"
42,22643,Burnley,Chelsea,2018-04-14,"['MatthewLowton', 'KevinLong', 'JamesTarkowski', 'StephenWard']","['CesarAzpilicueta', 'GaryCahill', 'AntonioRudiger']"
43,22687,Leicester,Southampton,2018-04-14,"['MarcAlbrighton', 'AleksandarDragovic', 'HarryMaguire', 'BenChilwell']","['JanBednarek', 'MayaYoshida', 'WesleyHoedt']"
44,22683,Bournemouth,Man Utd,2018-04-14,"['SimonFrancis', 'SteveCook', 'NathanAke', 'CharlieDaniels']","['MatteoDarmian', 'ChrisSmalling', 'PhilJones', 'LukeShaw']"
45,22684,Brighton,Spurs,2018-04-14,"['Bruno', 'ShaneDuffy', 'LewisDunk', 'GaetanBong']","['SergeAurier', 'TobyAlderweireld', 'JanVertonghen', 'BenDavies']"
46,22681,West Ham,Stoke,2018-04-14,"['DeclanRice', 'AngeloOgbonna', 'AaronCresswell']","['KurtZouma', 'RyanShawcross', 'BrunoMartinsIndi', 'ErikPieters']"
47,22680,Spurs,Man City,2018-04-14,"['KieranTrippier', 'DavinsonSanchez', 'JanVertonghen', 'BenDavies']","['KyleWalker', 'VincentKompany', 'AymericLaporte', 'FabianDelph']"
48,22677,Newcastle,Arsenal,2018-04-14,"['DeAndreYedlin', 'JamaalLascelles', 'FlorianLejeune', 'PaulDummett']","['CalumChambers', 'ShkodranMustafi', 'RobHolding', 'NachoMonreal']"
49,22676,Man Utd,West Brom,2018-04-14,"['LuisAntonioValencia', 'ChrisSmalling', 'VictorLindelof', 'AshleyYoung']","['AllanRomeoNyom', 'CraigDawson', 'AhmedHegazi', 'KieranGibbs']"
50,22678,Southampton,Chelsea,2018-04-14,"['JanBednarek', 'MayaYoshida', 'WesleyHoedt']","['CesarAzpilicueta', 'AndreasChristensen', 'GaryCahill']"
51,22672,Burnley,Leicester,2018-04-14,"['MatthewLowton', 'KevinLong', 'JamesTarkowski', 'StephenWard']","['DannySimpson', 'WesMorgan', 'HarryMaguire', 'BenChilwell']"
52,22673,Crystal Palace,Brighton,2018-04-14,"['JoelWard', 'JamesTomkins', 'MamadouSakho', 'PatrickvanAanholt']","['EzequielSchelotto', 'ShaneDuffy', 'LewisDunk', 'GaetanBong']"
53,22674,Huddersfield,Watford,2018-04-14,"['FlorentHadergjonaj', 'Zanka', 'ChristopherSchindler', 'TerenceKongolo']","['DarylJanmaat', 'SebastianProdl', 'CraigCathcart', 'AdrianMariappa']"
54,22679,Swansea,Everton,2018-04-14,"['KyleNaughton', 'FedericoFernandez', 'AlfieMawson', 'MartinOlsson']","['SeamusColeman', 'PhilJagielka', 'MichaelKeane', 'LeightonBaines']"
55,22675,Liverpool,Bournemouth,2018-04-14,"['TrentAlexanderArnold', 'DejanLovren', 'VirgilvanDijk', 'AndrewRobertson']","['RyanFraser', 'SimonFrancis', 'SteveCook', 'NathanAke', 'CharlieDaniels']"
56,22662,Arsenal,Southampton,2018-04-07,"['HectorBellerin', 'ShkodranMustafi', 'CalumChambers', 'SeadKolasinac']","['JackStephens', 'MayaYoshida', 'WesleyHoedt']"
57,22665,Chelsea,West Ham,2018-04-07,"['CesarAzpilicueta', 'GaryCahill', 'AntonioRudiger']","['DeclanRice', 'AngeloOgbonna', 'AaronCresswell']"
58,22666,Everton,Liverpool,2018-04-07,"['SeamusColeman', 'PhilJagielka', 'MichaelKeane', 'LeightonBaines']","['NathanielClyne', 'DejanLovren', 'VirgilvanDijk', 'RagnarKlavan']"
59,22663,Bournemouth,Crystal Palace,2018-04-07,"['SimonFrancis', 'SteveCook', 'NathanAke', 'CharlieDaniels']","['AaronWanBissaka', 'JamesTomkins', 'MamadouSakho', 'PatrickvanAanholt']"
60,22664,Brighton,Huddersfield,2018-04-07,"['EzequielSchelotto', 'ShaneDuffy', 'LewisDunk', 'GaetanBong']","['FlorentHadergjonaj', 'Zanka', 'ChristopherSchindler', 'TerenceKongolo']"
61,22667,Leicester,Newcastle,2018-04-07,"['DannySimpson', 'WesMorgan', 'HarryMaguire', 'BenChilwell']","['DeAndreYedlin', 'JamaalLascelles', 'FlorianLejeune', 'PaulDummett']"
62,22669,Stoke,Spurs,2018-04-07,"['GlenJohnson', 'RyanShawcross', 'BrunoMartinsIndi', 'ErikPieters']","['SergeAurier', 'DavinsonSanchez', 'JanVertonghen', 'DannyRose']"
63,22670,Watford,Burnley,2018-04-07,"['DarylJanmaat', 'SebastianProdl', 'AdrianMariappa', 'JoseHolebas']","['MatthewLowton', 'KevinLong', 'JamesTarkowski', 'StephenWard']"
64,22671,West Brom,Swansea,2018-04-07,"['AllanRomeoNyom', 'CraigDawson', 'AhmedHegazi', 'KieranGibbs']","['KyleNaughton', 'MikevanderHoorn', 'FedericoFernandez', 'AlfieMawson', 'MartinOlsson']"
65,22668,Man City,Man Utd,2018-04-07,"['Danilo', 'VincentKompany', 'NicolasOtamendi', 'FabianDelph']","['LuisAntonioValencia', 'EricBailly', 'ChrisSmalling', 'AshleyYoung']"
66,22652,Arsenal,Stoke,2018-03-31,"['HectorBellerin', 'ShkodranMustafi', 'CalumChambers', 'NachoMonreal']","['GlenJohnson', 'RyanShawcross', 'BrunoMartinsIndi', 'ErikPieters']"
67,22654,Chelsea,Spurs,2018-03-31,"['CesarAzpilicueta', 'AndreasChristensen', 'AntonioRudiger']","['KieranTrippier', 'DavinsonSanchez', 'JanVertonghen', 'BenDavies']"
68,22655,Crystal Palace,Liverpool,2018-03-31,"['AaronWanBissaka', 'MartinKelly', 'MamadouSakho', 'PatrickvanAanholt']","['TrentAlexanderArnold', 'JoelMatip', 'VirgilvanDijk', 'AndrewRobertson']"
69,22653,Brighton,Leicester,2018-03-31,"['EzequielSchelotto', 'ShaneDuffy', 'LewisDunk', 'GaetanBong']","['DannySimpson', 'WesMorgan', 'HarryMaguire', 'BenChilwell']"
70,22657,Man Utd,Swansea,2018-03-31,"['LuisAntonioValencia', 'ChrisSmalling', 'VictorLindelof', 'AshleyYoung']","['KyleNaughton', 'MikevanderHoorn', 'FedericoFernandez', 'AlfieMawson', 'MartinOlsson']"
71,22658,Newcastle,Huddersfield,2018-03-31,"['DeAndreYedlin', 'JamaalLascelles', 'FlorianLejeune', 'PaulDummett']","['TommySmith', 'Zanka', 'ChristopherSchindler', 'TerenceKongolo']"
72,22660,Watford,Bournemouth,2018-03-31,"['DarylJanmaat', 'SebastianProdl', 'AdrianMariappa', 'JoseHolebas']","['RyanFraser', 'SteveCook', 'NathanAke', 'CharlieDaniels']"
73,22661,West Brom,Burnley,2018-03-31,"['CraigDawson', 'JonnyEvans', 'AhmedHegazi']","['MatthewLowton', 'JamesTarkowski', 'BenMee', 'StephenWard']"
74,22361,West Ham,Southampton,2018-03-31,"['DeclanRice', 'AngeloOgbonna', 'AaronCresswell']","['CedricSoares', 'JackStephens', 'WesleyHoedt', 'RyanBertrand']"
75,22656,Everton,Man City,2018-03-31,"['SeamusColeman', 'PhilJagielka', 'MichaelKeane', 'LeightonBaines']","['NicolasOtamendi', 'VincentKompany', 'AymericLaporte']"
76,22642,Bournemouth,West Brom,2018-03-17,"['SimonFrancis', 'SteveCook', 'NathanAke', 'AdamSmith']","['CraigDawson', 'JonnyEvans', 'AhmedHegazi']"
77,22644,Huddersfield,Crystal Palace,2018-03-17,"['FlorentHadergjonaj', 'Zanka', 'ChristopherSchindler', 'ScottMalone']","['AaronWanBissaka', 'JamesTomkins', 'MamadouSakho', 'PatrickvanAanholt']"
78,22648,Stoke,Everton,2018-03-17,"['GlenJohnson', 'RyanShawcross', 'KurtZouma', 'KonstantinosStafylidis']","['SeamusColeman', 'PhilJagielka', 'MichaelKeane', 'LeightonBaines']"
79,22646,Liverpool,Watford,2018-03-17,"['JosephGomez', 'JoelMatip', 'VirgilvanDijk', 'AndrewRobertson']","['AdrianMariappa', 'SebastianProdl', 'MiguelBritos']"
80,22639,Stoke,Man City,2018-03-10,"['MoritzBauer', 'KurtZouma', 'BrunoMartinsIndi', 'KonstantinosStafylidis']","['KyleWalker', 'VincentKompany', 'NicolasOtamendi', 'OleksandrZinchenko']"
81,22632,Arsenal,Watford,2018-03-10,"['AinsleyMaitlandNiles', 'ShkodranMustafi', 'RobHolding', 'SeadKolasinac']","['DarylJanmaat', 'SebastianProdl', 'AdrianMariappa', 'JoseHolebas']"
82,22633,Bournemouth,Spurs,2018-03-10,"['SimonFrancis', 'SteveCook', 'NathanAke', 'CharlieDaniels']","['SergeAurier', 'DavinsonSanchez', 'JanVertonghen', 'DannyRose']"
83,22637,Man Utd,Liverpool,2018-03-10,"['LuisAntonioValencia', 'EricBailly', 'ChrisSmalling', 'AshleyYoung']","['TrentAlexanderArnold', 'DejanLovren', 'VirgilvanDijk', 'AndrewRobertson']"
84,22635,Everton,Brighton,2018-03-10,"['SeamusColeman', 'PhilJagielka', 'MichaelKeane', 'LeightonBaines']","['EzequielSchelotto', 'ShaneDuffy', 'LewisDunk', 'GaetanBong']"
85,22636,Huddersfield,Swansea,2018-03-10,"['FlorentHadergjonaj', 'Zanka', 'ChristopherSchindler', 'ScottMalone']","['KyleNaughton', 'MikevanderHoorn', 'FedericoFernandez', 'AlfieMawson', 'MartinOlsson']"
86,22638,Newcastle,Southampton,2018-03-10,"['DeAndreYedlin', 'JamaalLascelles', 'FlorianLejeune', 'PaulDummett']","['CedricSoares', 'JackStephens', 'WesleyHoedt', 'RyanBertrand']"
87,22640,West Brom,Leicester,2018-03-10,"['AllanRomeoNyom', 'CraigDawson', 'AhmedHegazi', 'KieranGibbs']","['DannySimpson', 'WesMorgan', 'HarryMaguire', 'BenChilwell']"
88,22641,West Ham,Burnley,2018-03-10,"['JamesCollins', 'AngeloOgbonna', 'AaronCresswell']","['MatthewLowton', 'JamesTarkowski', 'BenMee', 'StephenWard']"
89,22634,Chelsea,Crystal Palace,2018-03-10,"['CesarAzpilicueta', 'AndreasChristensen', 'GaryCahill']","['AaronWanBissaka', 'MartinKelly', 'JamesTomkins', 'PatrickvanAanholt']"
90,22624,Crystal Palace,Man Utd,2018-03-03,"['AaronWanBissaka', 'MartinKelly', 'JamesTomkins', 'PatrickvanAanholt']","['LuisAntonioValencia', 'ChrisSmalling', 'VictorLindelof', 'AshleyYoung']"
91,22622,Brighton,Arsenal,2018-03-03,"['EzequielSchelotto', 'ShaneDuffy', 'LewisDunk', 'GaetanBong']","['CalumChambers', 'ShkodranMustafi', 'LaurentKoscielny', 'SeadKolasinac']"
92,22627,Man City,Chelsea,2018-03-03,"['KyleWalker', 'NicolasOtamendi', 'AymericLaporte', 'OleksandrZinchenko']","['CesarAzpilicueta', 'AndreasChristensen', 'AntonioRudiger']"
93,22623,Burnley,Everton,2018-03-03,"['MatthewLowton', 'JamesTarkowski', 'BenMee', 'StephenWard']","['SeamusColeman', 'AshleyWilliams', 'MichaelKeane', 'CucoMartina']"
94,22625,Leicester,Bournemouth,2018-03-03,"['DanielAmartey', 'WesMorgan', 'HarryMaguire', 'ChristianFuchs']","['SimonFrancis', 'SteveCook', 'NathanAke', 'CharlieDaniels']"
95,22628,Southampton,Stoke,2018-03-03,"['CedricSoares', 'JackStephens', 'WesleyHoedt', 'RyanBertrand']","['MoritzBauer', 'KurtZouma', 'BrunoMartinsIndi', 'KonstantinosStafylidis']"
96,22629,Swansea,West Ham,2018-03-03,"['KyleNaughton', 'MikevanderHoorn', 'FedericoFernandez', 'AlfieMawson', 'MartinOlsson']","['DeclanRice', 'WinstonReid', 'AaronCresswell']"
97,22630,Spurs,Huddersfield,2018-03-03,"['SergeAurier', 'DavinsonSanchez', 'JanVertonghen', 'BenDavies']","['FlorentHadergjonaj', 'Zanka', 'ChristopherSchindler', 'TerenceKongolo']"
98,22631,Watford,West Brom,2018-03-03,"['DarylJanmaat', 'SebastianProdl', 'AdrianMariappa', 'JoseHolebas']","['CraigDawson', 'AhmedHegazi', 'JonnyEvans', 'KieranGibbs']"
99,22626,Liverpool,Newcastle,2018-03-03,"['TrentAlexanderArnold', 'DejanLovren', 'VirgilvanDijk', 'AndrewRobertson']","['FlorianLejeune', 'JamaalLascelles', 'PaulDummett']"
100,22612,Arsenal,Man City,2018-02-24,"['HectorBellerin', 'ShkodranMustafi', 'LaurentKoscielny', 'SeadKolasinac']","['KyleWalker', 'VincentKompany', 'NicolasOtamendi', 'Danilo']"
101,22616,Crystal Palace,Spurs,2018-02-24,"['AaronWanBissaka', 'TimothyFosuMensah', 'JamesTomkins', 'PatrickvanAanholt']","['SergeAurier', 'DavinsonSanchez', 'EricDier', 'BenDavies']"
102,22619,Man Utd,Chelsea,2018-02-24,"['LuisAntonioValencia', 'ChrisSmalling', 'VictorLindelof', 'AshleyYoung']","['CesarAzpilicueta', 'AndreasChristensen', 'AntonioRudiger']"
103,22617,Leicester,Stoke,2018-02-24,"['DannySimpson', 'WesMorgan', 'HarryMaguire', 'BenChilwell']","['MoritzBauer', 'KurtZouma', 'BrunoMartinsIndi', 'KonstantinosStafylidis']"
104,22613,Bournemouth,Newcastle,2018-02-24,"['SimonFrancis', 'SteveCook', 'NathanAke', 'CharlieDaniels']","['DeAndreYedlin', 'JamaalLascelles', 'FlorianLejeune', 'PaulDummett']"
105,22614,Brighton,Swansea,2018-02-24,"['EzequielSchelotto', 'ShaneDuffy', 'LewisDunk', 'GaetanBong']","['KyleNaughton', 'MikevanderHoorn', 'FedericoFernandez', 'AlfieMawson', 'MartinOlsson']"
106,22615,Burnley,Southampton,2018-02-24,"['MatthewLowton', 'KevinLong', 'BenMee', 'StephenWard']","['CedricSoares', 'JackStephens', 'WesleyHoedt', 'RyanBertrand']"
107,22618,Liverpool,West Ham,2018-02-24,"['TrentAlexanderArnold', 'JoelMatip', 'VirgilvanDijk', 'AndrewRobertson']","['JamesCollins', 'AngeloOgbonna', 'AaronCresswell']"
108,22621,West Brom,Huddersfield,2018-02-24,"['CraigDawson', 'AhmedHegazi', 'JonnyEvans', 'KieranGibbs']","['FlorentHadergjonaj', 'Zanka', 'ChristopherSchindler', 'TerenceKongolo']"
109,22620,Watford,Everton,2018-02-24,"['DarylJanmaat', 'SebastianProdl', 'AdrianMariappa', 'JoseHolebas']","['JonjoeKenny', 'AshleyWilliams', 'MichaelKeane', 'CucoMartina']"
110,22602,Chelsea,West Brom,2018-02-10,"['CesarAzpilicueta', 'AndreasChristensen', 'AntonioRudiger']","['MattPhillips', 'CraigDawson', 'AhmedHegazi', 'JonnyEvans', 'KieranGibbs']"
111,22604,Huddersfield,Bournemouth,2018-02-10,"['FlorentHadergjonaj', 'Zanka', 'ChristopherSchindler', 'ScottMalone']","['SimonFrancis', 'SteveCook', 'NathanAke']"
112,22606,Newcastle,Man Utd,2018-02-10,"['DeAndreYedlin', 'JamaalLascelles', 'FlorianLejeune', 'PaulDummett']","['LuisAntonioValencia', 'ChrisSmalling', 'PhilJones', 'AshleyYoung']"
113,22607,Southampton,Liverpool,2018-02-10,"['CedricSoares', 'JackStephens', 'WesleyHoedt', 'RyanBertrand']","['TrentAlexanderArnold', 'JoelMatip', 'VirgilvanDijk', 'AndrewRobertson']"
114,22610,Spurs,Arsenal,2018-02-10,"['KieranTrippier', 'DavinsonSanchez', 'JanVertonghen', 'BenDavies']","['HectorBellerin', 'ShkodranMustafi', 'LaurentKoscielny', 'NachoMonreal']"
115,22603,Everton,Crystal Palace,2018-02-10,"['SeamusColeman', 'MichaelKeane', 'EliaquimMangala', 'CucoMartina']","['JoelWard', 'TimothyFosuMensah', 'JamesTomkins', 'PatrickvanAanholt']"
116,22608,Stoke,Brighton,2018-02-10,"['MoritzBauer', 'RyanShawcross', 'KurtZouma', 'ErikPieters']","['EzequielSchelotto', 'ShaneDuffy', 'LewisDunk', 'GaetanBong']"
117,22609,Swansea,Burnley,2018-02-10,"['KyleNaughton', 'MikevanderHoorn', 'FedericoFernandez', 'AlfieMawson', 'MartinOlsson']","['MatthewLowton', 'KevinLong', 'BenMee', 'CharlieTaylor']"
118,22611,West Ham,Watford,2018-02-10,"['JamesCollins', 'AngeloOgbonna', 'AaronCresswell']","['AdrianMariappa', 'SebastianProdl', 'JoseHolebas']"
119,22605,Man City,Leicester,2018-02-10,"['KyleWalker', 'NicolasOtamendi', 'AymericLaporte', 'OleksandrZinchenko']","['AleksandarDragovic', 'HarryMaguire', 'ChristianFuchs']"
120,22600,Watford,Chelsea,2018-02-03,"['AdrianMariappa', 'SebastianProdl', 'JoseHolebas']","['CesarAzpilicueta', 'DavidLuiz', 'GaryCahill']"
121,22596,Crystal Palace,Newcastle,2018-02-03,"['TimothyFosuMensah', 'MartinKelly', 'JamesTomkins', 'PatrickvanAanholt']","['DeAndreYedlin', 'JamaalLascelles', 'CiaranClark', 'PaulDummett']"
122,22598,Liverpool,Spurs,2018-02-03,"['TrentAlexanderArnold', 'DejanLovren', 'VirgilvanDijk', 'AndrewRobertson']","['KieranTrippier', 'DavinsonSanchez', 'JanVertonghen', 'BenDavies']"
123,22595,Burnley,Man City,2018-02-03,"['PhilBardsley', 'KevinLong', 'BenMee', 'CharlieTaylor']","['KyleWalker', 'VincentKompany', 'NicolasOtamendi', 'Danilo']"
124,22593,Bournemouth,Stoke,2018-02-03,"['SimonFrancis', 'SteveCook', 'NathanAke']","['MoritzBauer', 'RyanShawcross', 'KurtZouma', 'ErikPieters']"
125,22594,Brighton,West Ham,2018-02-03,"['EzequielSchelotto', 'ShaneDuffy', 'LewisDunk', 'GaetanBong']","['JamesCollins', 'AngeloOgbonna', 'DeclanRice']"
126,22597,Leicester,Swansea,2018-02-03,"['DannySimpson', 'AleksandarDragovic', 'HarryMaguire', 'ChristianFuchs']","['KyleNaughton', 'MikevanderHoorn', 'FedericoFernandez', 'AlfieMawson', 'MartinOlsson']"
127,22599,Man Utd,Huddersfield,2018-02-03,"['LuisAntonioValencia', 'ChrisSmalling', 'MarcosRojo', 'LukeShaw']","['TommySmith', 'Zanka', 'ChristopherSchindler', 'TerenceKongolo']"
128,22601,West Brom,Southampton,2018-02-03,"['CraigDawson', 'GarethMcAuley', 'AhmedHegazi', 'AllanRomeoNyom']","['CedricSoares', 'JackStephens', 'WesleyHoedt', 'RyanBertrand']"
129,22592,Arsenal,Everton,2018-02-03,"['HectorBellerin', 'ShkodranMustafi', 'LaurentKoscielny', 'NachoMonreal']","['MichaelKeane', 'AshleyWilliams', 'EliaquimMangala']"
130,22585,Chelsea,Bournemouth,2018-01-30,"['CesarAzpilicueta', 'AndreasChristensen', 'GaryCahill']","['SimonFrancis', 'SteveCook', 'NathanAke']"
131,22586,Everton,Leicester,2018-01-30,"['SeamusColeman', 'PhilJagielka', 'MichaelKeane', 'CucoMartina']","['DanielAmartey', 'AleksandarDragovic', 'HarryMaguire', 'BenChilwell']"
132,22588,Newcastle,Burnley,2018-01-30,"['DeAndreYedlin', 'JamaalLascelles', 'CiaranClark', 'PaulDummett']","['PhilBardsley', 'KevinLong', 'BenMee', 'CharlieTaylor']"
133,22589,Southampton,Brighton,2018-01-30,"['CedricSoares', 'JackStephens', 'WesleyHoedt', 'RyanBertrand']","['EzequielSchelotto', 'ShaneDuffy', 'LewisDunk', 'GaetanBong']"
134,22587,Man City,West Brom,2018-01-30,"['KyleWalker', 'NicolasOtamendi', 'AymericLaporte', 'OleksandrZinchenko']","['CraigDawson', 'GarethMcAuley', 'AhmedHegazi', 'AllanRomeoNyom']"
135,22590,Stoke,Watford,2018-01-30,"['MoritzBauer', 'RyanShawcross', 'KurtZouma', 'ErikPieters']","['AdrianMariappa', 'SebastianProdl', 'ChristianKabasele', 'JoseHolebas']"
136,22591,Spurs,Man Utd,2018-01-30,"['KieranTrippier', 'DavinsonSanchez', 'JanVertonghen', 'BenDavies']","['LuisAntonioValencia', 'ChrisSmalling', 'PhilJones', 'AshleyYoung']"
137,22583,Swansea,Arsenal,2018-01-30,"['KyleNaughton', 'MikevanderHoorn', 'FedericoFernandez', 'AlfieMawson', 'MartinOlsson']","['HectorBellerin', 'LaurentKoscielny', 'ShkodranMustafi', 'NachoMonreal']"
138,22584,West Ham,Crystal Palace,2018-01-30,"['JamesCollins', 'AngeloOgbonna', 'DeclanRice']","['TimothyFosuMensah', 'MartinKelly', 'JamesTomkins', 'PatrickvanAanholt']"
139,22582,Huddersfield,Liverpool,2018-01-30,"['FlorentHadergjonaj', 'Zanka', 'ChristopherSchindler', 'TerenceKongolo', 'ChrisLowe']","['JosephGomez', 'JoelMatip', 'DejanLovren', 'AndrewRobertson']"
140,22580,Swansea,Liverpool,2018-01-20,"['KyleNaughton', 'MikevanderHoorn', 'FedericoFernandez', 'AlfieMawson', 'MartinOlsson']","['JosephGomez', 'JoelMatip', 'VirgilvanDijk', 'AndrewRobertson']"
141,22578,Southampton,Spurs,2018-01-20,"['CedricSoares', 'JackStephens', 'WesleyHoedt', 'RyanBertrand']","['SergeAurier', 'DavinsonSanchez', 'JanVertonghen', 'BenDavies']"
142,22573,Brighton,Chelsea,2018-01-20,"['EzequielSchelotto', 'ConnorGoldson', 'ShaneDuffy', 'LewisDunk', 'MarkusSuttner']","['CesarAzpilicueta', 'AndreasChristensen', 'AntonioRudiger']"
143,22572,Arsenal,Crystal Palace,2018-01-20,"['HectorBellerin', 'LaurentKoscielny', 'ShkodranMustafi', 'NachoMonreal']","['TimothyFosuMensah', 'MartinKelly', 'JamesTomkins', 'PatrickvanAanholt']"
144,22574,Burnley,Man Utd,2018-01-20,"['PhilBardsley', 'JamesTarkowski', 'BenMee', 'CharlieTaylor']","['LuisAntonioValencia', 'ChrisSmalling', 'PhilJones', 'AshleyYoung']"
145,22575,Everton,West Brom,2018-01-20,"['JonjoeKenny', 'MasonHolgate', 'AshleyWilliams', 'CucoMartina']","['CraigDawson', 'JonnyEvans', 'AhmedHegazi', 'KieranGibbs']"
146,22576,Leicester,Watford,2018-01-20,"['DanielAmartey', 'AleksandarDragovic', 'HarryMaguire', 'BenChilwell']","['DarylJanmaat', 'MollaWague', 'ChristianKabasele', 'MarvinZeegelaar']"
147,22579,Stoke,Huddersfield,2018-01-20,"['MoritzBauer', 'RyanShawcross', 'KurtZouma', 'ErikPieters']","['FlorentHadergjonaj', 'Zanka', 'ChristopherSchindler', 'ScottMalone']"
148,22581,West Ham,Bournemouth,2018-01-20,"['JamesCollins', 'AngeloOgbonna', 'AaronCresswell']","['SimonFrancis', 'SteveCook', 'NathanAke']"
149,22577,Man City,Newcastle,2018-01-20,"['KyleWalker', 'JohnStones', 'NicolasOtamendi', 'OleksandrZinchenko']","['JavierManquillo', 'IsaacHayden', 'JamaalLascelles', 'CiaranClark', 'PaulDummett']"
150,22567,Man Utd,Stoke,2018-01-13,"['LuisAntonioValencia', 'ChrisSmalling', 'PhilJones', 'LukeShaw']","['MoritzBauer', 'KurtZouma', 'BrunoMartinsIndi', 'JoshTymon']"
151,22562,Bournemouth,Arsenal,2018-01-13,"['SimonFrancis', 'SteveCook', 'NathanAke']","['CalumChambers', 'ShkodranMustafi', 'RobHolding']"
152,22566,Liverpool,Man City,2018-01-13,"['JosephGomez', 'JoelMatip', 'DejanLovren', 'AndrewRobertson']","['KyleWalker', 'JohnStones', 'NicolasOtamendi', 'FabianDelph']"
153,22563,Chelsea,Leicester,2018-01-13,"['CesarAzpilicueta', 'GaryCahill', 'AntonioRudiger']","['DanielAmartey', 'AleksandarDragovic', 'HarryMaguire', 'BenChilwell']"
154,22564,Crystal Palace,Burnley,2018-01-13,"['TimothyFosuMensah', 'MartinKelly', 'JamesTomkins', 'PatrickvanAanholt']","['PhilBardsley', 'JamesTarkowski', 'BenMee', 'CharlieTaylor']"
155,22565,Huddersfield,West Ham,2018-01-13,"['TommySmith', 'Zanka', 'ChristopherSchindler', 'ScottMalone']","['JamesCollins', 'AngeloOgbonna', 'AaronCresswell']"
156,22568,Newcastle,Swansea,2018-01-13,"['DeAndreYedlin', 'JamaalLascelles', 'CiaranClark', 'PaulDummett']","['MikevanderHoorn', 'KyleBartley', 'AlfieMawson', 'MartinOlsson']"
157,22570,Watford,Southampton,2018-01-13,"['DarylJanmaat', 'MollaWague', 'ChristianKabasele', 'MarvinZeegelaar']","['CedricSoares', 'JackStephens', 'WesleyHoedt', 'RyanBertrand']"
158,22571,West Brom,Brighton,2018-01-13,"['CraigDawson', 'JonnyEvans', 'AhmedHegazi', 'KieranGibbs']","['Bruno', 'ShaneDuffy', 'LewisDunk', 'GaetanBong']"
159,22569,Spurs,Everton,2018-01-13,"['SergeAurier', 'DavinsonSanchez', 'JanVertonghen', 'BenDavies']","['JonjoeKenny', 'MasonHolgate', 'PhilJagielka', 'CucoMartina']"
160,22549,Spurs,West Ham,2018-01-01,"['SergeAurier', 'DavinsonSanchez', 'JanVertonghen', 'BenDavies']","['WinstonReid', 'AngeloOgbonna', 'DeclanRice']"
161,22552,Arsenal,Chelsea,2018-01-01,"['CalumChambers', 'ShkodranMustafi', 'RobHolding']","['CesarAzpilicueta', 'AndreasChristensen', 'GaryCahill']"
162,22558,Southampton,Crystal Palace,2018-01-01,"['JeremyPied', 'JackStephens', 'MayaYoshida', 'RyanBertrand']","['TimothyFosuMensah', 'MartinKelly', 'JamesTomkins', 'JeffreySchlupp']"
163,22560,Swansea,Spurs,2018-01-01,"['AngelRangel', 'MikevanderHoorn', 'FedericoFernandez', 'AlfieMawson', 'MartinOlsson']","['KieranTrippier', 'DavinsonSanchez', 'JanVertonghen', 'BenDavies']"
164,22561,West Ham,West Brom,2018-01-01,"['WinstonReid', 'AngeloOgbonna', 'AaronCresswell']","['CraigDawson', 'AhmedHegazi', 'JonnyEvans', 'KieranGibbs']"
165,22557,Man City,Watford,2018-01-01,"['KyleWalker', 'JohnStones', 'NicolasOtamendi', 'FabianDelph']","['DarylJanmaat', 'MollaWague', 'ChristianKabasele', 'MarvinZeegelaar']"
166,22553,Brighton,Bournemouth,2018-01-01,"['EzequielSchelotto', 'ShaneDuffy', 'LewisDunk', 'MarkusSuttner']","['AdamSmith', 'SimonFrancis', 'SteveCook', 'CharlieDaniels']"
167,22554,Burnley,Liverpool,2018-01-01,"['PhilBardsley', 'JamesTarkowski', 'BenMee', 'CharlieTaylor']","['TrentAlexanderArnold', 'DejanLovren', 'RagnarKlavan', 'JosephGomez']"
168,22556,Leicester,Huddersfield,2018-01-01,"['DanielAmartey', 'WesMorgan', 'HarryMaguire', 'ChristianFuchs']","['TommySmith', 'Zanka', 'ChristopherSchindler', 'ChrisLowe']"
169,22559,Stoke,Newcastle,2018-01-01,"['ThomasEdwards', 'KurtZouma', 'KevinWimmer', 'ErikPieters']","['DeAndreYedlin', 'JamaalLascelles', 'CiaranClark', 'JavierManquillo']"
170,22555,Everton,Man Utd,2018-01-01,"['MasonHolgate', 'MichaelKeane', 'AshleyWilliams', 'CucoMartina']","['VictorLindelof', 'PhilJones', 'MarcosRojo', 'LukeShaw']"
171,22544,Crystal Palace,Man City,2017-12-30,"['TimothyFosuMensah', 'JamesTomkins', 'ScottDann', 'PatrickvanAanholt']","['KyleWalker', 'NicolasOtamendi', 'EliaquimMangala', 'Danilo']"
172,22551,West Brom,Arsenal,2017-12-30,"['MattPhillips', 'CraigDawson', 'AhmedHegazi', 'JonnyEvans', 'KieranGibbs']","['CalumChambers', 'ShkodranMustafi', 'LaurentKoscielny']"
173,22542,Bournemouth,Everton,2017-12-30,"['SimonFrancis', 'SteveCook', 'NathanAke', 'AdamSmith']","['JonjoeKenny', 'MichaelKeane', 'PhilJagielka', 'CucoMartina']"
174,22543,Chelsea,Stoke,2017-12-30,"['CesarAzpilicueta', 'GaryCahill', 'AntonioRudiger']","['ThomasEdwards', 'GeoffCameron', 'KevinWimmer', 'JoshTymon']"
175,22545,Huddersfield,Burnley,2017-12-30,"['FlorentHadergjonaj', 'Zanka', 'ChristopherSchindler', 'ScottMalone']","['PhilBardsley', 'KevinLong', 'BenMee', 'CharlieTaylor']"
176,22546,Liverpool,Leicester,2017-12-30,"['JosephGomez', 'JoelMatip', 'DejanLovren', 'AndrewRobertson']","['DanielAmartey', 'WesMorgan', 'HarryMaguire', 'ChristianFuchs']"
177,22548,Newcastle,Brighton,2017-12-30,"['DeAndreYedlin', 'JamaalLascelles', 'CiaranClark', 'PaulDummett']","['Bruno', 'ShaneDuffy', 'LewisDunk', 'GaetanBong']"
178,22550,Watford,Swansea,2017-12-30,"['DarylJanmaat', 'MollaWague', 'ChristianKabasele', 'MarvinZeegelaar']","['KyleNaughton', 'FedericoFernandez', 'AlfieMawson', 'MartinOlsson']"
179,22547,Man Utd,Southampton,2017-12-30,"['AshleyYoung', 'VictorLindelof', 'PhilJones', 'LukeShaw']","['JackStephens', 'MayaYoshida', 'WesleyHoedt', 'SamMcQueen']"
180,22534,Crystal Palace,Arsenal,2017-12-26,"['MartinKelly', 'JamesTomkins', 'ScottDann', 'JeffreySchlupp']","['CalumChambers', 'ShkodranMustafi', 'LaurentKoscielny']"
181,22538,Newcastle,Man City,2017-12-26,"['DeAndreYedlin', 'ChancelMbemba', 'JamaalLascelles', 'PaulDummett', 'JavierManquillo']","['KyleWalker', 'VincentKompany', 'NicolasOtamendi', 'Danilo']"
182,22539,Spurs,Southampton,2017-12-26,"['SergeAurier', 'DavinsonSanchez', 'JanVertonghen', 'DannyRose']","['JackStephens', 'MayaYoshida', 'WesleyHoedt', 'MattTargett']"
183,22532,Bournemouth,West Ham,2017-12-26,"['SimonFrancis', 'SteveCook', 'NathanAke', 'AdamSmith']","['JamesCollins', 'AngeloOgbonna', 'AaronCresswell']"
184,22533,Chelsea,Brighton,2017-12-26,"['CesarAzpilicueta', 'GaryCahill', 'AntonioRudiger']","['EzequielSchelotto', 'ShaneDuffy', 'LewisDunk', 'MarkusSuttner']"
185,22535,Huddersfield,Stoke,2017-12-26,"['TommySmith', 'Zanka', 'ChristopherSchindler', 'ChrisLowe']","['ThomasEdwards', 'RyanShawcross', 'KurtZouma', 'KevinWimmer']"
186,22537,Man Utd,Burnley,2017-12-26,"['AshleyYoung', 'PhilJones', 'MarcosRojo', 'LukeShaw']","['PhilBardsley', 'KevinLong', 'BenMee', 'CharlieTaylor']"
187,22540,Watford,Leicester,2017-12-26,"['DarylJanmaat', 'MollaWague', 'ChristianKabasele', 'MarvinZeegelaar']","['AleksandarDragovic', 'WesMorgan', 'HarryMaguire', 'BenChilwell']"
188,22541,West Brom,Everton,2017-12-26,"['CraigDawson', 'AhmedHegazi', 'JonnyEvans', 'KieranGibbs']","['MasonHolgate', 'AshleyWilliams', 'MichaelKeane']"
189,22536,Liverpool,Swansea,2017-12-26,"['TrentAlexanderArnold', 'JoelMatip', 'RagnarKlavan', 'AndrewRobertson']","['KyleNaughton', 'FedericoFernandez', 'AlfieMawson', 'MartinOlsson']"
190,22526,Leicester,Man Utd,2017-12-22,"['DannySimpson', 'WesMorgan', 'HarryMaguire', 'ChristianFuchs']","['VictorLindelof', 'ChrisSmalling', 'PhilJones', 'AshleyYoung']"
191,22522,Arsenal,Liverpool,2017-12-22,"['HectorBellerin', 'LaurentKoscielny', 'NachoMonreal', 'AinsleyMaitlandNiles']","['JosephGomez', 'DejanLovren', 'RagnarKlavan', 'AndrewRobertson']"
192,22525,Everton,Chelsea,2017-12-22,"['JonjoeKenny', 'PhilJagielka', 'MichaelKeane', 'CucoMartina']","['CesarAzpilicueta', 'AndreasChristensen', 'AntonioRudiger']"
193,22523,Brighton,Watford,2017-12-22,"['Bruno', 'ConnorGoldson', 'LewisDunk', 'MarkusSuttner']","['DarylJanmaat', 'ChristianKabasele', 'SebastianProdl', 'JoseHolebas']"
194,22527,Man City,Bournemouth,2017-12-22,"['KyleWalker', 'VincentKompany', 'NicolasOtamendi', 'FabianDelph']","['SteveCook', 'NathanAke', 'JackSimpson']"
195,22528,Southampton,Huddersfield,2017-12-22,"['JackStephens', 'MayaYoshida', 'WesleyHoedt', 'MattTargett']","['FlorentHadergjonaj', 'Zanka', 'ChristopherSchindler', 'ScottMalone']"
196,22529,Stoke,West Brom,2017-12-22,"['ThomasEdwards', 'RyanShawcross', 'KurtZouma', 'KevinWimmer']","['AllanRomeoNyom', 'AhmedHegazi', 'JonnyEvans', 'KieranGibbs']"
197,22530,Swansea,Crystal Palace,2017-12-22,"['KyleNaughton', 'FedericoFernandez', 'AlfieMawson', 'MartinOlsson']","['MartinKelly', 'JamesTomkins', 'ScottDann', 'JeffreySchlupp']"
198,22531,West Ham,Newcastle,2017-12-22,"['WinstonReid', 'AngeloOgbonna', 'AaronCresswell']","['DeAndreYedlin', 'JamaalLascelles', 'CiaranClark', 'JavierManquillo']"
199,22524,Burnley,Spurs,2017-12-22,"['PhilBardsley', 'KevinLong', 'BenMee', 'CharlieTaylor']","['SergeAurier', 'DavinsonSanchez', 'JanVertonghen', 'BenDavies']"
200,22516,Everton,Swansea,2017-12-16,"['JonjoeKenny', 'MasonHolgate', 'AshleyWilliams', 'CucoMartina']","['KyleNaughton', 'FedericoFernandez', 'AlfieMawson', 'MartinOlsson']"
201,22521,West Brom,Man Utd,2017-12-16,"['AllanRomeoNyom', 'AhmedHegazi', 'JonnyEvans', 'KieranGibbs']","['LuisAntonioValencia', 'ChrisSmalling', 'PhilJones', 'AshleyYoung']"
202,22513,Bournemouth,Liverpool,2017-12-16,"['AdamSmith', 'SimonFrancis', 'NathanAke', 'CharlieDaniels']","['JosephGomez', 'DejanLovren', 'RagnarKlavan', 'AndrewRobertson']"
203,22517,Leicester,Crystal Palace,2017-12-16,"['DannySimpson', 'WesMorgan', 'HarryMaguire', 'BenChilwell']","['MartinKelly', 'JamesTomkins', 'ScottDann', 'JeffreySchlupp']"
204,22512,Arsenal,Newcastle,2017-12-16,"['HectorBellerin', 'LaurentKoscielny', 'NachoMonreal', 'AinsleyMaitlandNiles']","['DeAndreYedlin', 'JamaalLascelles', 'FlorianLejeune', 'JavierManquillo']"
205,22514,Brighton,Burnley,2017-12-16,"['Bruno', 'ShaneDuffy', 'LewisDunk', 'GaetanBong']","['PhilBardsley', 'JamesTarkowski', 'BenMee', 'CharlieTaylor']"
206,22515,Chelsea,Southampton,2017-12-16,"['CesarAzpilicueta', 'AndreasChristensen', 'GaryCahill']","['JackStephens', 'MayaYoshida', 'WesleyHoedt']"
207,22520,Watford,Huddersfield,2017-12-16,"['AdrianMariappa', 'SebastianProdl', 'ChristianKabasele']","['FlorentHadergjonaj', 'Zanka', 'ChristopherSchindler', 'ChrisLowe']"
208,22519,Stoke,West Ham,2017-12-16,"['GeoffCameron', 'RyanShawcross', 'KevinWimmer', 'ErikPieters']","['JamesCollins', 'AngeloOgbonna', 'AaronCresswell']"
209,22518,Man City,Spurs,2017-12-16,"['KyleWalker', 'NicolasOtamendi', 'EliaquimMangala', 'FabianDelph']","['KieranTrippier', 'EricDier', 'JanVertonghen', 'DannyRose']"
210,22509,Newcastle,Everton,2017-12-12,"['DeAndreYedlin', 'JamaalLascelles', 'FlorianLejeune', 'JavierManquillo']","['JonjoeKenny', 'MasonHolgate', 'AshleyWilliams', 'CucoMartina']"
211,22510,Southampton,Leicester,2017-12-12,"['CedricSoares', 'MayaYoshida', 'VirgilvanDijk', 'RyanBertrand']","['DannySimpson', 'WesMorgan', 'HarryMaguire', 'ChristianFuchs']"
212,22506,Swansea,Man City,2017-12-12,"['KyleNaughton', 'MikevanderHoorn', 'AlfieMawson', 'MartinOlsson']","['Danilo', 'NicolasOtamendi', 'EliaquimMangala', 'FabianDelph']"
213,22508,Liverpool,West Brom,2017-12-12,"['TrentAlexanderArnold', 'DejanLovren', 'RagnarKlavan', 'AndrewRobertson']","['AllanRomeoNyom', 'AhmedHegazi', 'JonnyEvans', 'KieranGibbs']"
214,22505,Man Utd,Bournemouth,2017-12-12,"['LuisAntonioValencia', 'ChrisSmalling', 'PhilJones', 'LukeShaw']","['AdamSmith', 'SimonFrancis', 'NathanAke', 'CharlieDaniels']"
215,22511,Spurs,Brighton,2017-12-12,"['SergeAurier', 'EricDier', 'JanVertonghen', 'DannyRose']","['EzequielSchelotto', 'ShaneDuffy', 'LewisDunk', 'GaetanBong']"
216,22507,West Ham,Arsenal,2017-12-12,"['PabloZabaleta', 'WinstonReid', 'AngeloOgbonna', 'AaronCresswell', 'ArthurMasuaku']","['HectorBellerin', 'LaurentKoscielny', 'NachoMonreal', 'AinsleyMaitlandNiles']"
217,22502,Burnley,Stoke,2017-12-12,"['PhilBardsley', 'KevinLong', 'JamesTarkowski', 'StephenWard']","['GeoffCameron', 'RyanShawcross', 'KurtZouma', 'ErikPieters']"
218,22503,Crystal Palace,Watford,2017-12-12,"['TimothyFosuMensah', 'JamesTomkins', 'ScottDann', 'JeffreySchlupp']","['AdrianMariappa', 'SebastianProdl', 'ChristianKabasele']"
219,22504,Huddersfield,Chelsea,2017-12-12,"['TommySmith', 'Zanka', 'ChristopherSchindler', 'ChrisLowe']","['CesarAzpilicueta', 'AndreasChristensen', 'AntonioRudiger']"
220,22498,Southampton,Arsenal,2017-12-09,"['JackStephens', 'MayaYoshida', 'VirgilvanDijk', 'RyanBertrand']","['LaurentKoscielny', 'PerMertesacker', 'NachoMonreal']"
221,22495,Liverpool,Everton,2017-12-09,"['JosephGomez', 'DejanLovren', 'RagnarKlavan', 'AndrewRobertson']","['JonjoeKenny', 'MasonHolgate', 'AshleyWilliams', 'CucoMartina']"
222,22496,Man Utd,Man City,2017-12-09,"['LuisAntonioValencia', 'ChrisSmalling', 'MarcosRojo', 'AshleyYoung']","['KyleWalker', 'VincentKompany', 'NicolasOtamendi', 'FabianDelph']"
223,22501,West Ham,Chelsea,2017-12-09,"['WinstonReid', 'AngeloOgbonna', 'AaronCresswell']","['CesarAzpilicueta', 'AndreasChristensen', 'GaryCahill']"
224,22492,Burnley,Watford,2017-12-09,"['PhilBardsley', 'KevinLong', 'JamesTarkowski', 'StephenWard']","['DarylJanmaat', 'AdrianMariappa', 'ChristianKabasele', 'MarvinZeegelaar']"
225,22493,Crystal Palace,Bournemouth,2017-12-09,"['TimothyFosuMensah', 'JamesTomkins', 'MamadouSakho', 'JeffreySchlupp']","['SimonFrancis', 'SteveCook', 'NathanAke', 'CharlieDaniels']"
226,22494,Huddersfield,Brighton,2017-12-09,"['TommySmith', 'Zanka', 'ChristopherSchindler', 'ChrisLowe']","['Bruno', 'ShaneDuffy', 'LewisDunk', 'MarkusSuttner']"
227,22499,Swansea,West Brom,2017-12-09,"['KyleNaughton', 'MikevanderHoorn', 'AlfieMawson', 'MartinOlsson']","['AllanRomeoNyom', 'AhmedHegazi', 'JonnyEvans', 'KieranGibbs']"
228,22500,Spurs,Stoke,2017-12-09,"['KieranTrippier', 'EricDier', 'JanVertonghen', 'BenDavies']","['KurtZouma', 'RyanShawcross', 'KevinWimmer']"
229,22497,Newcastle,Leicester,2017-12-09,"['DeAndreYedlin', 'FlorianLejeune', 'CiaranClark', 'JavierManquillo']","['DannySimpson', 'WesMorgan', 'HarryMaguire', 'BenChilwell']"
230,22483,Bournemouth,Southampton,2017-12-02,"['AdamSmith', 'SimonFrancis', 'NathanAke', 'CharlieDaniels']","['JeremyPied', 'VirgilvanDijk', 'WesleyHoedt', 'RyanBertrand']"
231,22488,Man City,West Ham,2017-12-02,"['KyleWalker', 'NicolasOtamendi', 'EliaquimMangala', 'Danilo']","['DeclanRice', 'AngeloOgbonna', 'AaronCresswell']"
232,22485,Chelsea,Newcastle,2017-12-02,"['CesarAzpilicueta', 'AndreasChristensen', 'AntonioRudiger']","['ChancelMbemba', 'FlorianLejeune', 'CiaranClark']"
233,22484,Brighton,Liverpool,2017-12-02,"['Bruno', 'ShaneDuffy', 'LewisDunk', 'GaetanBong']","['EmreCan', 'DejanLovren', 'GeorginioWijnaldum']"
234,22486,Everton,Huddersfield,2017-12-02,"['JonjoeKenny', 'MasonHolgate', 'AshleyWilliams', 'CucoMartina']","['TommySmith', 'Zanka', 'ChristopherSchindler', 'ScottMalone']"
235,22487,Leicester,Burnley,2017-12-02,"['DannySimpson', 'WesMorgan', 'HarryMaguire', 'BenChilwell']","['PhilBardsley', 'JamesTarkowski', 'BenMee', 'StephenWard']"
236,22489,Stoke,Swansea,2017-12-02,"['KurtZouma', 'RyanShawcross', 'BrunoMartinsIndi', 'ErikPieters']","['KyleNaughton', 'MikevanderHoorn', 'AlfieMawson', 'MartinOlsson']"
237,22490,Watford,Spurs,2017-12-02,"['AdrianMariappa', 'SebastianProdl', 'ChristianKabasele']","['KieranTrippier', 'DavinsonSanchez', 'JanVertonghen', 'BenDavies']"
238,22491,West Brom,Crystal Palace,2017-12-02,"['AllanRomeoNyom', 'AhmedHegazi', 'JonnyEvans', 'KieranGibbs']","['JoelWard', 'MartinKelly', 'MamadouSakho', 'JeffreySchlupp']"
239,22482,Arsenal,Man Utd,2017-12-02,"['LaurentKoscielny', 'ShkodranMustafi', 'NachoMonreal']","['VictorLindelof', 'ChrisSmalling', 'MarcosRojo']"
240,22473,Bournemouth,Burnley,2017-11-28,"['SimonFrancis', 'SteveCook', 'NathanAke', 'CharlieDaniels']","['PhilBardsley', 'JamesTarkowski', 'BenMee', 'StephenWard']"
241,22472,Arsenal,Huddersfield,2017-11-28,"['LaurentKoscielny', 'ShkodranMustafi', 'NachoMonreal']","['Zanka', 'ChristopherSchindler', 'MartinCranie']"
242,22478,Chelsea,Swansea,2017-11-28,"['AntonioRudiger', 'AndreasChristensen', 'GaryCahill']","['KyleNaughton', 'MikevanderHoorn', 'AlfieMawson', 'MartinOlsson']"
243,22479,Everton,West Ham,2017-11-28,"['JonjoeKenny', 'MasonHolgate', 'AshleyWilliams', 'CucoMartina']","['PabloZabaleta', 'WinstonReid', 'AngeloOgbonna', 'AaronCresswell']"
244,22480,Man City,Southampton,2017-11-28,"['KyleWalker', 'VincentKompany', 'NicolasOtamendi', 'FabianDelph']","['CedricSoares', 'MayaYoshida', 'VirgilvanDijk', 'WesleyHoedt', 'RyanBertrand']"
245,22481,Stoke,Liverpool,2017-11-28,"['KurtZouma', 'RyanShawcross', 'BrunoMartinsIndi']","['JosephGomez', 'JoelMatip', 'DejanLovren', 'AlbertoMoreno']"
246,22474,Brighton,Crystal Palace,2017-11-28,"['Bruno', 'ShaneDuffy', 'LewisDunk', 'MarkusSuttner']","['JoelWard', 'JamesTomkins', 'MamadouSakho', 'JeffreySchlupp']"
247,22475,Leicester,Spurs,2017-11-28,"['DannySimpson', 'WesMorgan', 'HarryMaguire', 'BenChilwell']","['EricDier', 'DavinsonSanchez', 'JanVertonghen']"
248,22476,Watford,Man Utd,2017-11-28,"['AdrianMariappa', 'SebastianProdl', 'ChristianKabasele']","['VictorLindelof', 'ChrisSmalling', 'MarcosRojo']"
249,22477,West Brom,Newcastle,2017-11-28,"['AllanRomeoNyom', 'AhmedHegazi', 'JonnyEvans']","['DeAndreYedlin', 'FlorianLejeune', 'CiaranClark', 'ChancelMbemba']"
250,22468,Southampton,Everton,2017-11-24,"['CedricSoares', 'VirgilvanDijk', 'WesleyHoedt', 'RyanBertrand']","['JonjoeKenny', 'PhilJagielka', 'MichaelKeane', 'LeightonBaines']"
251,22462,Burnley,Arsenal,2017-11-24,"['MatthewLowton', 'JamesTarkowski', 'BenMee', 'StephenWard']","['LaurentKoscielny', 'ShkodranMustafi', 'NachoMonreal']"
252,22464,Huddersfield,Man City,2017-11-24,"['TommySmith', 'Zanka', 'ChristopherSchindler', 'ScottMalone']","['KyleWalker', 'VincentKompany', 'NicolasOtamendi', 'FabianDelph']"
253,22471,West Ham,Leicester,2017-11-24,"['PabloZabaleta', 'WinstonReid', 'AngeloOgbonna', 'AaronCresswell']","['DannySimpson', 'WesMorgan', 'HarryMaguire', 'ChristianFuchs']"
254,22463,Crystal Palace,Stoke,2017-11-24,"['JoelWard', 'JamesTomkins', 'MamadouSakho', 'JeffreySchlupp']","['KurtZouma', 'RyanShawcross', 'KevinWimmer']"
255,22466,Man Utd,Brighton,2017-11-24,"['LuisAntonioValencia', 'VictorLindelof', 'ChrisSmalling', 'AshleyYoung']","['Bruno', 'ShaneDuffy', 'LewisDunk', 'GaetanBong']"
256,22467,Newcastle,Watford,2017-11-24,"['DeAndreYedlin', 'FlorianLejeune', 'CiaranClark', 'JavierManquillo']","['AdrianMariappa', 'ChristianKabasele', 'MiguelBritos']"
257,22469,Swansea,Bournemouth,2017-11-24,"['KyleNaughton', 'MikevanderHoorn', 'AlfieMawson', 'MartinOlsson']","['AdamSmith', 'SteveCook', 'NathanAke', 'CharlieDaniels']"
258,22470,Spurs,West Brom,2017-11-24,"['EricDier', 'DavinsonSanchez', 'JanVertonghen']","['AllanRomeoNyom', 'AhmedHegazi', 'JonnyEvans']"
259,22465,Liverpool,Chelsea,2017-11-24,"['JosephGomez', 'JoelMatip', 'RagnarKlavan', 'AlbertoMoreno']","['CesarAzpilicueta', 'AndreasChristensen', 'GaryCahill']"
260,22454,Brighton,Stoke,2017-11-18,"['Bruno', 'ShaneDuffy', 'LewisDunk', 'GaetanBong']","['KurtZouma', 'RyanShawcross', 'KevinWimmer']"
261,22460,Watford,West Ham,2017-11-18,"['AdrianMariappa', 'ChristianKabasele', 'MiguelBritos']","['PabloZabaleta', 'WinstonReid', 'AngeloOgbonna', 'AaronCresswell']"
262,22452,Arsenal,Spurs,2017-11-18,"['LaurentKoscielny', 'ShkodranMustafi', 'NachoMonreal']","['DavinsonSanchez', 'EricDier', 'JanVertonghen']"
263,22453,Bournemouth,Huddersfield,2017-11-18,"['SimonFrancis', 'SteveCook', 'NathanAke', 'CharlieDaniels']","['FlorentHadergjonaj', 'Zanka', 'MartinCranie', 'ScottMalone']"
264,22455,Burnley,Swansea,2017-11-18,"['MatthewLowton', 'JamesTarkowski', 'BenMee', 'StephenWard']","['KyleNaughton', 'FedericoFernandez', 'AlfieMawson', 'MartinOlsson']"
265,22456,Crystal Palace,Everton,2017-11-18,"['JoelWard', 'ScottDann', 'MamadouSakho', 'JeffreySchlupp']","['JonjoeKenny', 'PhilJagielka', 'MichaelKeane', 'LeightonBaines']"
266,22457,Leicester,Man City,2017-11-18,"['DannySimpson', 'WesMorgan', 'HarryMaguire', 'ChristianFuchs']","['KyleWalker', 'JohnStones', 'VincentKompany', 'FabianDelph']"
267,22458,Liverpool,Southampton,2017-11-18,"['TrentAlexanderArnold', 'DejanLovren', 'RagnarKlavan', 'AlbertoMoreno']","['CedricSoares', 'VirgilvanDijk', 'WesleyHoedt', 'RyanBertrand']"
268,22461,West Brom,Chelsea,2017-11-18,"['GarethMcAuley', 'JonnyEvans', 'AhmedHegazi']","['CesarAzpilicueta', 'AndreasChristensen', 'GaryCahill']"
269,22459,Man Utd,Newcastle,2017-11-18,"['LuisAntonioValencia', 'VictorLindelof', 'ChrisSmalling', 'AshleyYoung']","['DeAndreYedlin', 'FlorianLejeune', 'CiaranClark', 'JavierManquillo']"
270,22450,Spurs,Crystal Palace,2017-11-04,"['DavinsonSanchez', 'EricDier', 'JanVertonghen']","['TimothyFosuMensah', 'ScottDann', 'MamadouSakho', 'JoelWard']"
271,22445,Man City,Arsenal,2017-11-04,"['KyleWalker', 'JohnStones', 'NicolasOtamendi', 'FabianDelph']","['LaurentKoscielny', 'FrancisCoquelin', 'NachoMonreal']"
272,22442,Chelsea,Man Utd,2017-11-04,"['CesarAzpilicueta', 'AndreasChristensen', 'GaryCahill']","['EricBailly', 'ChrisSmalling', 'PhilJones']"
273,22443,Everton,Watford,2017-11-04,"['JonjoeKenny', 'PhilJagielka', 'MichaelKeane', 'LeightonBaines']","['KikoFemenia', 'ChristianKabasele', 'MiguelBritos', 'JoseHolebas']"
274,22448,Stoke,Leicester,2017-11-04,"['KurtZouma', 'RyanShawcross', 'KevinWimmer']","['DannySimpson', 'WesMorgan', 'HarryMaguire', 'ChristianFuchs']"
275,22444,Huddersfield,West Brom,2017-11-04,"['FlorentHadergjonaj', 'Zanka', 'ChristopherSchindler', 'ScottMalone']","['GarethMcAuley', 'AhmedHegazi', 'JonnyEvans']"
276,22446,Newcastle,Bournemouth,2017-11-04,"['DeAndreYedlin', 'JamaalLascelles', 'FlorianLejeune', 'JavierManquillo']","['SimonFrancis', 'SteveCook', 'NathanAke', 'CharlieDaniels']"
277,22447,Southampton,Burnley,2017-11-04,"['CedricSoares', 'MayaYoshida', 'VirgilvanDijk', 'RyanBertrand']","['MatthewLowton', 'JamesTarkowski', 'BenMee', 'StephenWard']"
278,22449,Swansea,Brighton,2017-11-04,"['KyleNaughton', 'FedericoFernandez', 'AlfieMawson', 'SamClucas']","['Bruno', 'ShaneDuffy', 'LewisDunk', 'GaetanBong']"
279,22451,West Ham,Liverpool,2017-11-04,"['CheikhouKouyate', 'WinstonReid', 'AngeloOgbonna']","['JosephGomez', 'JoelMatip', 'RagnarKlavan', 'AlbertoMoreno']"
280,22435,Burnley,Newcastle,2017-10-28,"['MatthewLowton', 'JamesTarkowski', 'BenMee', 'StephenWard']","['DeAndreYedlin', 'JamaalLascelles', 'FlorianLejeune', 'JavierManquillo']"
281,22434,Brighton,Southampton,2017-10-28,"['Bruno', 'ShaneDuffy', 'LewisDunk', 'GaetanBong']","['CedricSoares', 'VirgilvanDijk', 'WesleyHoedt', 'RyanBertrand']"
282,22437,Leicester,Everton,2017-10-28,"['DannySimpson', 'WesMorgan', 'HarryMaguire', 'ChristianFuchs']","['JonjoeKenny', 'PhilJagielka', 'AshleyWilliams', 'LeightonBaines']"
283,22439,Man Utd,Spurs,2017-10-28,"['EricBailly', 'ChrisSmalling', 'PhilJones']","['TobyAlderweireld', 'EricDier', 'JanVertonghen']"
284,22432,Arsenal,Swansea,2017-10-28,"['LaurentKoscielny', 'PerMertesacker', 'NachoMonreal']","['MikevanderHoorn', 'FedericoFernandez', 'AlfieMawson']"
285,22436,Crystal Palace,West Ham,2017-10-28,"['JoelWard', 'ScottDann', 'JamesTomkins', 'PatrickvanAanholt']","['JoseFonte', 'CheikhouKouyate', 'AngeloOgbonna']"
286,22438,Liverpool,Huddersfield,2017-10-28,"['JosephGomez', 'JoelMatip', 'RagnarKlavan', 'AlbertoMoreno']","['TommySmith', 'Zanka', 'ChristopherSchindler', 'ChrisLowe']"
287,22440,Watford,Stoke,2017-10-28,"['KikoFemenia', 'ChristianKabasele', 'MiguelBritos', 'JoseHolebas']","['KurtZouma', 'RyanShawcross', 'KevinWimmer']"
288,22441,West Brom,Man City,2017-10-28,"['GarethMcAuley', 'AhmedHegazi', 'JonnyEvans']","['KyleWalker', 'JohnStones', 'NicolasOtamendi', 'FabianDelph']"
289,22433,Bournemouth,Chelsea,2017-10-28,"['SimonFrancis', 'SteveCook', 'NathanAke']","['CesarAzpilicueta', 'DavidLuiz', 'AntonioRudiger']"
290,22423,Everton,Arsenal,2017-10-20,"['AshleyWilliams', 'MichaelKeane', 'PhilJagielka']","['LaurentKoscielny', 'PerMertesacker', 'NachoMonreal']"
291,22430,Spurs,Liverpool,2017-10-20,"['TobyAlderweireld', 'DavinsonSanchez', 'JanVertonghen']","['JosephGomez', 'JoelMatip', 'DejanLovren', 'AlbertoMoreno']"
292,22431,West Ham,Brighton,2017-10-20,"['PabloZabaleta', 'JoseFonte', 'WinstonReid', 'ArthurMasuaku']","['Bruno', 'ShaneDuffy', 'LewisDunk', 'GaetanBong']"
293,22422,Chelsea,Watford,2017-10-20,"['AntonioRudiger', 'DavidLuiz', 'GaryCahill']","['AdrianMariappa', 'ChristianKabasele', 'MiguelBritos']"
294,22424,Huddersfield,Man Utd,2017-10-20,"['TommySmith', 'Zanka', 'ChristopherSchindler', 'ChrisLowe']","['LuisAntonioValencia', 'ChrisSmalling', 'PhilJones', 'AshleyYoung']"
295,22425,Man City,Burnley,2017-10-20,"['KyleWalker', 'JohnStones', 'NicolasOtamendi', 'FabianDelph']","['MatthewLowton', 'JamesTarkowski', 'BenMee', 'StephenWard']"
296,22426,Newcastle,Crystal Palace,2017-10-20,"['DeAndreYedlin', 'JamaalLascelles', 'FlorianLejeune', 'JavierManquillo']","['JoelWard', 'ScottDann', 'MamadouSakho', 'PatrickvanAanholt']"
297,22428,Stoke,Bournemouth,2017-10-20,"['KurtZouma', 'RyanShawcross', 'GeoffCameron']","['AdamSmith', 'SimonFrancis', 'NathanAke', 'CharlieDaniels']"
298,22429,Swansea,Leicester,2017-10-20,"['KyleNaughton', 'FedericoFernandez', 'AlfieMawson', 'MartinOlsson']","['DannySimpson', 'WesMorgan', 'HarryMaguire', 'ChristianFuchs']"
299,22427,Southampton,West Brom,2017-10-20,"['CedricSoares', 'MayaYoshida', 'VirgilvanDijk', 'RyanBertrand']","['CraigDawson', 'JonnyEvans', 'AhmedHegazi', 'KieranGibbs']"
300,22415,Leicester,West Brom,2017-10-14,"['DannySimpson', 'WesMorgan', 'HarryMaguire', 'ChristianFuchs']","['CraigDawson', 'AhmedHegazi', 'JonnyEvans', 'KieranGibbs']"
301,22412,Brighton,Everton,2017-10-14,"['Bruno', 'ShaneDuffy', 'LewisDunk', 'MarkusSuttner']","['MasonHolgate', 'MichaelKeane', 'PhilJagielka', 'LeightonBaines']"
302,22418,Southampton,Newcastle,2017-10-14,"['CedricSoares', 'MayaYoshida', 'VirgilvanDijk', 'RyanBertrand']","['DeAndreYedlin', 'JamaalLascelles', 'FlorianLejeune', 'JavierManquillo']"
303,22416,Liverpool,Man Utd,2017-10-14,"['JosephGomez', 'JoelMatip', 'DejanLovren', 'AlbertoMoreno']","['LuisAntonioValencia', 'ChrisSmalling', 'PhilJones', 'MatteoDarmian']"
304,22413,Burnley,West Ham,2017-10-14,"['MatthewLowton', 'JamesTarkowski', 'BenMee', 'StephenWard']","['PabloZabaleta', 'JoseFonte', 'WinstonReid', 'AaronCresswell']"
305,22414,Crystal Palace,Chelsea,2017-10-14,"['JoelWard', 'ScottDann', 'MamadouSakho', 'PatrickvanAanholt']","['CesarAzpilicueta', 'DavidLuiz', 'GaryCahill']"
306,22417,Man City,Stoke,2017-10-14,"['KyleWalker', 'JohnStones', 'NicolasOtamendi', 'FabianDelph']","['ThomasEdwards', 'KurtZouma', 'KevinWimmer', 'ErikPieters']"
307,22419,Swansea,Huddersfield,2017-10-14,"['KyleNaughton', 'FedericoFernandez', 'AlfieMawson', 'MartinOlsson']","['TommySmith', 'Zanka', 'ChristopherSchindler', 'ScottMalone']"
308,22420,Spurs,Bournemouth,2017-10-14,"['KieranTrippier', 'DavinsonSanchez', 'TobyAlderweireld', 'JanVertonghen']","['SimonFrancis', 'SteveCook', 'NathanAke']"
309,22421,Watford,Arsenal,2017-10-14,"['AdrianMariappa', 'ChristianKabasele', 'MiguelBritos']","['LaurentKoscielny', 'PerMertesacker', 'NachoMonreal']"
310,22402,Arsenal,Brighton,2017-09-30,"['RobHolding', 'ShkodranMustafi', 'NachoMonreal']","['Bruno', 'ShaneDuffy', 'LewisDunk', 'GaetanBong']"
311,22405,Everton,Burnley,2017-09-30,"['CucoMartina', 'MichaelKeane', 'AshleyWilliams', 'LeightonBaines']","['MatthewLowton', 'JamesTarkowski', 'BenMee', 'StephenWard']"
312,22408,Newcastle,Liverpool,2017-09-30,"['DeAndreYedlin', 'JamaalLascelles', 'CiaranClark', 'JavierManquillo']","['JosephGomez', 'JoelMatip', 'DejanLovren', 'AlbertoMoreno']"
313,22406,Huddersfield,Spurs,2017-09-30,"['TommySmith', 'Zanka', 'ChristopherSchindler', 'ChrisLowe']","['TobyAlderweireld', 'DavinsonSanchez', 'JanVertonghen']"
314,22403,Bournemouth,Leicester,2017-09-30,"['AdamSmith', 'SimonFrancis', 'NathanAke', 'CharlieDaniels']","['DannySimpson', 'WesMorgan', 'HarryMaguire', 'ChristianFuchs']"
315,22407,Man Utd,Crystal Palace,2017-09-30,"['LuisAntonioValencia', 'ChrisSmalling', 'PhilJones', 'AshleyYoung']","['JoelWard', 'MamadouSakho', 'DamienDelaney', 'PatrickvanAanholt']"
316,22409,Stoke,Southampton,2017-09-30,"['KurtZouma', 'GeoffCameron', 'KevinWimmer']","['CedricSoares', 'MayaYoshida', 'VirgilvanDijk', 'RyanBertrand']"
317,22410,West Brom,Watford,2017-09-30,"['CraigDawson', 'AhmedHegazi', 'JonnyEvans', 'KieranGibbs']","['KikoFemenia', 'AdrianMariappa', 'ChristianKabasele', 'JoseHolebas']"
318,22411,West Ham,Swansea,2017-09-30,"['PabloZabaleta', 'JoseFonte', 'WinstonReid', 'AaronCresswell']","['KyleNaughton', 'FedericoFernandez', 'AlfieMawson', 'MartinOlsson']"
319,22404,Chelsea,Man City,2017-09-30,"['AntonioRudiger', 'AndreasChristensen', 'GaryCahill']","['KyleWalker', 'JohnStones', 'NicolasOtamendi', 'FabianDelph']"
320,22392,Arsenal,West Brom,2017-09-23,"['LaurentKoscielny', 'ShkodranMustafi', 'NachoMonreal']","['CraigDawson', 'AhmedHegazi', 'JonnyEvans']"
321,22393,Brighton,Newcastle,2017-09-23,"['Bruno', 'ShaneDuffy', 'LewisDunk', 'MarkusSuttner']","['DeAndreYedlin', 'JamaalLascelles', 'CiaranClark', 'ChancelMbemba']"
322,22401,West Ham,Spurs,2017-09-23,"['JoseFonte', 'WinstonReid', 'AngeloOgbonna']","['TobyAlderweireld', 'DavinsonSanchez', 'JanVertonghen']"
323,22394,Burnley,Huddersfield,2017-09-23,"['MatthewLowton', 'JamesTarkowski', 'BenMee', 'StephenWard']","['TommySmith', 'Zanka', 'ChristopherSchindler', 'ChrisLowe']"
324,22395,Everton,Bournemouth,2017-09-23,"['CucoMartina', 'MasonHolgate', 'AshleyWilliams', 'LeightonBaines']","['AdamSmith', 'SimonFrancis', 'NathanAke', 'CharlieDaniels']"
325,22397,Man City,Crystal Palace,2017-09-23,"['KyleWalker', 'JohnStones', 'NicolasOtamendi', 'BenjaminMendy']","['TimothyFosuMensah', 'ScottDann', 'MamadouSakho', 'PatrickvanAanholt']"
326,22398,Southampton,Man Utd,2017-09-23,"['CedricSoares', 'MayaYoshida', 'WesleyHoedt', 'RyanBertrand']","['LuisAntonioValencia', 'EricBailly', 'PhilJones', 'AshleyYoung']"
327,22399,Stoke,Chelsea,2017-09-23,"['GlenJohnson', 'BrunoMartinsIndi', 'ErikPieters']","['CesarAzpilicueta', 'AndreasChristensen', 'AntonioRudiger']"
328,22400,Swansea,Watford,2017-09-23,"['MikevanderHoorn', 'FedericoFernandez', 'AlfieMawson']","['KikoFemenia', 'AdrianMariappa', 'ChristianKabasele', 'JoseHolebas']"
329,22396,Leicester,Liverpool,2017-09-23,"['DannySimpson', 'WesMorgan', 'HarryMaguire', 'BenChilwell']","['JosephGomez', 'JoelMatip', 'DejanLovren', 'AlbertoMoreno']"
330,22383,Chelsea,Arsenal,2017-09-15,"['CesarAzpilicueta', 'DavidLuiz', 'GaryCahill']","['LaurentKoscielny', 'ShkodranMustafi', 'NachoMonreal']"
331,22387,Man Utd,Everton,2017-09-15,"['LuisAntonioValencia', 'EricBailly', 'PhilJones', 'AshleyYoung']","['MichaelKeane', 'AshleyWilliams', 'PhilJagielka']"
332,22382,Bournemouth,Brighton,2017-09-15,"['AdamSmith', 'SimonFrancis', 'NathanAke', 'CharlieDaniels']","['LiamRosenior', 'ShaneDuffy', 'LewisDunk', 'MarkusSuttner']"
333,22384,Crystal Palace,Southampton,2017-09-15,"['JoelWard', 'TimothyFosuMensah', 'ScottDann', 'JeffreySchlupp']","['CedricSoares', 'MayaYoshida', 'WesleyHoedt', 'RyanBertrand']"
334,22385,Huddersfield,Leicester,2017-09-15,"['TommySmith', 'Zanka', 'ChristopherSchindler', 'ChrisLowe']","['DannySimpson', 'WesMorgan', 'HarryMaguire', 'BenChilwell']"
335,22386,Liverpool,Burnley,2017-09-15,"['TrentAlexanderArnold', 'JoelMatip', 'RagnarKlavan', 'AndrewRobertson']","['MatthewLowton', 'JamesTarkowski', 'BenMee', 'StephenWard']"
336,22388,Newcastle,Stoke,2017-09-15,"['DeAndreYedlin', 'JamaalLascelles', 'CiaranClark', 'ChancelMbemba']","['KurtZouma', 'BrunoMartinsIndi', 'KevinWimmer']"
337,22390,Watford,Man City,2017-09-15,"['DarylJanmaat', 'AdrianMariappa', 'ChristianKabasele', 'JoseHolebas']","['KyleWalker', 'JohnStones', 'NicolasOtamendi', 'BenjaminMendy']"
338,22391,West Brom,West Ham,2017-09-15,"['CraigDawson', 'AhmedHegazi', 'JonnyEvans', 'KieranGibbs']","['JoseFonte', 'WinstonReid', 'JamesCollins']"
339,22389,Spurs,Swansea,2017-09-15,"['TobyAlderweireld', 'DavinsonSanchez', 'JanVertonghen']","['MikevanderHoorn', 'FedericoFernandez', 'AlfieMawson']"
340,22381,West Ham,Huddersfield,2017-09-09,"['JoseFonte', 'WinstonReid', 'JamesCollins']","['TommySmith', 'Zanka', 'ChristopherSchindler', 'ChrisLowe']"
341,22374,Burnley,Crystal Palace,2017-09-09,"['MatthewLowton', 'JamesTarkowski', 'BenMee', 'StephenWard']","['JoelWard', 'TimothyFosuMensah', 'ScottDann', 'JeffreySchlupp']"
342,22380,Swansea,Newcastle,2017-09-09,"['KyleNaughton', 'FedericoFernandez', 'AlfieMawson', 'MartinOlsson']","['JavierManquillo', 'JamaalLascelles', 'CiaranClark', 'JesusGamez']"
343,22377,Man City,Liverpool,2017-09-09,"['Danilo', 'JohnStones', 'NicolasOtamendi']","['TrentAlexanderArnold', 'JoelMatip', 'RagnarKlavan', 'AlbertoMoreno']"
344,22372,Arsenal,Bournemouth,2017-09-09,"['LaurentKoscielny', 'ShkodranMustafi', 'NachoMonreal']","['SteveCook', 'NathanAke', 'TyroneMings']"
345,22373,Brighton,West Brom,2017-09-09,"['Bruno', 'ShaneDuffy', 'LewisDunk', 'MarkusSuttner']","['CraigDawson', 'JonnyEvans', 'AhmedHegazi', 'AllanRomeoNyom']"
346,22375,Everton,Spurs,2017-09-09,"['CucoMartina', 'MichaelKeane', 'AshleyWilliams', 'LeightonBaines']","['TobyAlderweireld', 'DavinsonSanchez', 'JanVertonghen']"
347,22376,Leicester,Chelsea,2017-09-09,"['DannySimpson', 'WesMorgan', 'HarryMaguire', 'ChristianFuchs']","['CesarAzpilicueta', 'DavidLuiz', 'AntonioRudiger']"
348,22378,Southampton,Watford,2017-09-09,"['CedricSoares', 'JackStephens', 'WesleyHoedt', 'RyanBertrand']","['KikoFemenia', 'ChristianKabasele', 'YounesKaboul', 'JoseHolebas']"
349,22379,Stoke,Man Utd,2017-09-09,"['KurtZouma', 'GeoffCameron', 'KevinWimmer']","['LuisAntonioValencia', 'EricBailly', 'PhilJones', 'MatteoDarmian']"
350,22363,Chelsea,Everton,2017-08-26,"['CesarAzpilicueta', 'DavidLuiz', 'AntonioRudiger']","['MichaelKeane', 'AshleyWilliams', 'PhilJagielka']"
351,22371,West Brom,Stoke,2017-08-26,"['AllanRomeoNyom', 'CraigDawson', 'AhmedHegazi', 'ChrisBrunt']","['KurtZouma', 'RyanShawcross', 'BrunoMartinsIndi']"
352,22366,Liverpool,Arsenal,2017-08-26,"['JosephGomez', 'JoelMatip', 'DejanLovren', 'AlbertoMoreno']","['RobHolding', 'LaurentKoscielny', 'NachoMonreal']"
353,22369,Spurs,Burnley,2017-08-26,"['KieranTrippier', 'TobyAlderweireld', 'JanVertonghen', 'BenDavies']","['MatthewLowton', 'JamesTarkowski', 'BenMee', 'StephenWard']"
354,22362,Bournemouth,Man City,2017-08-26,"['AdamSmith', 'SteveCook', 'NathanAke', 'TyroneMings', 'CharlieDaniels']","['Danilo', 'VincentKompany', 'NicolasOtamendi', 'BenjaminMendy']"
355,22364,Crystal Palace,Swansea,2017-08-26,"['TimothyFosuMensah', 'ScottDann', 'JamesTomkins']","['MikevanderHoorn', 'FedericoFernandez', 'AlfieMawson']"
356,22365,Huddersfield,Southampton,2017-08-26,"['TommySmith', 'Zanka', 'ChristopherSchindler', 'ChrisLowe']","['CedricSoares', 'JackStephens', 'MayaYoshida', 'RyanBertrand']"
357,22368,Newcastle,West Ham,2017-08-26,"['JavierManquillo', 'JamaalLascelles', 'CiaranClark', 'ChancelMbemba']","['PabloZabaleta', 'JamesCollins', 'AngeloOgbonna', 'AaronCresswell']"
358,22370,Watford,Brighton,2017-08-26,"['KikoFemenia', 'SebastianProdl', 'ChristianKabasele', 'MiguelBritos']","['Bruno', 'ShaneDuffy', 'LewisDunk', 'MarkusSuttner']"
359,22367,Man Utd,Leicester,2017-08-26,"['LuisAntonioValencia', 'EricBailly', 'PhilJones', 'DaleyBlind']","['DannySimpson', 'WesMorgan', 'HarryMaguire', 'ChristianFuchs']"
360,22357,Man City,Everton,2017-08-19,"['VincentKompany', 'JohnStones', 'NicolasOtamendi']","['MichaelKeane', 'AshleyWilliams', 'PhilJagielka']"
361,22354,Huddersfield,Newcastle,2017-08-19,"['TommySmith', 'Zanka', 'ChristopherSchindler', 'ChrisLowe']","['JavierManquillo', 'JamaalLascelles', 'CiaranClark', 'ChancelMbemba']"
362,22360,Spurs,Chelsea,2017-08-19,"['KieranTrippier', 'TobyAlderweireld', 'JanVertonghen', 'BenDavies']","['CesarAzpilicueta', 'AndreasChristensen', 'AntonioRudiger']"
363,22359,Swansea,Man Utd,2017-08-19,"['FedericoFernandez', 'KyleBartley', 'AlfieMawson']","['LuisAntonioValencia', 'EricBailly', 'PhilJones', 'DaleyBlind']"
364,22352,Bournemouth,Watford,2017-08-19,"['AdamSmith', 'SteveCook', 'NathanAke', 'CharlieDaniels']","['KikoFemenia', 'SebastianProdl', 'MiguelBritos', 'JoseHolebas']"
365,22353,Burnley,West Brom,2017-08-19,"['MatthewLowton', 'JamesTarkowski', 'BenMee', 'StephenWard']","['AllanRomeoNyom', 'CraigDawson', 'AhmedHegazi', 'ChrisBrunt']"
366,22355,Leicester,Brighton,2017-08-19,"['DannySimpson', 'WesMorgan', 'HarryMaguire', 'ChristianFuchs']","['Bruno', 'ShaneDuffy', 'LewisDunk', 'MarkusSuttner']"
367,22356,Liverpool,Crystal Palace,2017-08-19,"['JosephGomez', 'JoelMatip', 'RagnarKlavan', 'AndrewRobertson']","['TimothyFosuMensah', 'ScottDann', 'JamesTomkins']"
368,22659,Southampton,West Ham,2017-08-19,"['CedricSoares', 'JackStephens', 'MayaYoshida', 'RyanBertrand']","['PabloZabaleta', 'JoseFonte', 'AngeloOgbonna', 'AaronCresswell']"
369,22358,Stoke,Arsenal,2017-08-19,"['KurtZouma', 'RyanShawcross', 'GeoffCameron']","['ShkodranMustafi', 'NachoMonreal', 'SeadKolasinac']"
370,22348,Newcastle,Spurs,2017-08-11,"['JavierManquillo', 'FlorianLejeune', 'CiaranClark', 'PaulDummett']","['KyleWalkerPeters', 'TobyAlderweireld', 'JanVertonghen', 'BenDavies']"
371,22347,Man Utd,West Ham,2017-08-11,"['LuisAntonioValencia', 'EricBailly', 'PhilJones', 'DaleyBlind']","['PabloZabaleta', 'WinstonReid', 'AngeloOgbonna', 'ArthurMasuaku']"
372,22342,Arsenal,Leicester,2017-08-11,"['RobHolding', 'NachoMonreal', 'SeadKolasinac']","['DannySimpson', 'WesMorgan', 'HarryMaguire', 'ChristianFuchs']"
373,22350,Watford,Liverpool,2017-08-11,"['DarylJanmaat', 'YounesKaboul', 'MiguelBritos', 'JoseHolebas']","['TrentAlexanderArnold', 'JoelMatip', 'DejanLovren', 'AlbertoMoreno']"
374,22344,Chelsea,Burnley,2017-08-11,"['AntonioRudiger', 'DavidLuiz', 'GaryCahill']","['MatthewLowton', 'JamesTarkowski', 'BenMee', 'StephenWard']"
375,22345,Crystal Palace,Huddersfield,2017-08-11,"['TimothyFosuMensah', 'ScottDann', 'JairoRiedewald']","['TommySmith', 'Zanka', 'ChristopherSchindler', 'ChrisLowe']"
376,22346,Everton,Stoke,2017-08-11,"['MichaelKeane', 'AshleyWilliams', 'PhilJagielka']","['KurtZouma', 'RyanShawcross', 'GeoffCameron']"
377,22349,Southampton,Swansea,2017-08-11,"['CedricSoares', 'JackStephens', 'MayaYoshida', 'RyanBertrand']","['KyleNaughton', 'FedericoFernandez', 'AlfieMawson', 'MartinOlsson']"
378,22351,West Brom,Bournemouth,2017-08-11,"['AllanRomeoNyom', 'CraigDawson', 'AhmedHegazi', 'ChrisBrunt']","['SimonFrancis', 'SteveCook', 'NathanAke', 'CharlieDaniels']"
379,22343,Brighton,Man City,2017-08-11,"['Bruno', 'ShaneDuffy', 'LewisDunk', 'MarkusSuttner']","['VincentKompany', 'JohnStones', 'NicolasOtamendi']"
